{"stats":{"minecraft:custom":{"minecraft:time_since_rest":135,"minecraft:crouch_one_cm":1426,"minecraft:play_time":83900,"minecraft:sprint_one_cm":3366,"minecraft:walk_one_cm":31920,"minecraft:deaths":2,"minecraft:sneak_time":4373,"minecraft:jump":121,"minecraft:leave_game":1,"minecraft:time_since_death":110,"minecraft:total_world_time":84047,"minecraft:fly_one_cm":366188,"minecraft:inspect_dispenser":3},"minecraft:used":{"minecraft:redstone_torch":156,"minecraft:lever":35,"minecraft:repeater":43,"minecraft:redstone_lamp":38,"minecraft:grass_block":59,"minecraft:dispenser":1,"minecraft:redstone":345,"minecraft:oak_sign":2,"minecraft:note_block":7,"minecraft:stone":452},"minecraft:picked_up":{"minecraft:repeater":8,"minecraft:redstone_torch":30,"minecraft:redstone":17}},"DataVersion":3218}